OCRE,Side,Legend
ric.3.ant.868,obverse,ANTONINVS AVG PIVS P P IMP II
ric.3.ant.868,reverse,TR POT XIIII COS IIII S C
ric.3.ant.359_denarius,obverse,DIVA FAVSTINA
ric.3.ant.359_denarius,reverse,AVGVSTA
ric.2.hdn.975c,obverse,HADRIANVS AVGVSTVS P P
ric.2.hdn.975c,reverse,COS III S C
ric.2.hdn.986_as,obverse,HADRIANVS AVG COS III P P
ric.2.hdn.986_as,reverse,AELIVS CAESAR
ric.2.tr.335_quinarius_aureus,obverse,IMP CAES NER TRAIAN OPTIM AVG GERM DAC
ric.2.tr.335_quinarius_aureus,reverse,PARTHICO P M TR P COS VI P P S P Q R
ric.2.tr.335_quinarius,obverse,IMP CAES NER TRAIAN OPTIM AVG GERM DAC
ric.2.tr.335_quinarius,reverse,PARTHICO P M TR P COS VI P P S P Q R
ric.2.tr.336_aureus,obverse,IMP CAES NER TRAIANO OPTIMO AVG GER DAC
ric.2.tr.336_aureus,reverse,P M TR P COS VI P P S P Q R
ric.2.tr.336_denarius,obverse,IMP CAES NER TRAIANO OPTIMO AVG GER DAC
ric.2.tr.336_denarius,reverse,P M TR P COS VI P P S P Q R
ric.2.tr.337,obverse,IMP CAES NER TRAIANO OPTIMO AVG GER DAC
ric.2.tr.337,reverse,P M TR P COS VI P P S P Q R
ric.2.tr.338,obverse,IMP CAES NER TRAIANO OPTIMO AVG GER DAC
ric.2.tr.338,reverse,P M TR P COS VI P P S P Q R
ric.2.tr.339,obverse,IMP CAES NER TRAIANO OPTIMO AVG GER DAC
ric.2.tr.339,reverse,P M TR P COS VI P P S P Q R
ric.2.tr.340,obverse,IMP CAES NER TRAIAN OPTIM AVG GER DAC PARTHICO
ric.2.tr.340,reverse,P M TR P COS VI P P S P Q R
ric.2.tr.341_aureus,obverse,IMP CAES NER TRAIAN OPTIM AVG GER DAC PARTHICO
ric.2.tr.341_aureus,reverse,P M TR P COS VI P P S P Q R
ric.2.tr.341_denarius,obverse,IMP CAES NER TRAIAN OPTIM AVG GER DAC PARTHICO
ric.2.tr.341_denarius,reverse,P M TR P COS VI P P S P Q R
ric.2.tr.342,obverse,IMP CAES NER TRAIAN OPTIM AVG GER DAC PARTHICO
ric.2.tr.342,reverse,P M TR P COS VI P P S P Q R
ric.2.tr.343,obverse,IMP CAES NER TRAIANO OPTIMO AVG GER DAC
ric.2.tr.343,reverse,P M TR P COS VI P P S P Q R
ric.2.tr.344,obverse,IMP CAES NER TRAIANO OPTIMO AVG GER DAC
ric.2.tr.344,reverse,P M TR P COS VI P P S P Q R
ric.2.tr.345,obverse,IMP CAES NER TRAIAN OPTIM AVG GER DAC PARTHICO
ric.2.tr.345,reverse,P M TR P COS VI P P S P Q R
ric.2.tr.346,obverse,IMP CAES NER TRAIAN OPTIM AVG GER DAC PARTHICO
ric.2.tr.346,reverse,P M TR P COS VI P P S P Q R
ric.2.tr.347_aureus,obverse,IMP CAES NER TRAIANO OPTIMO AVG GER DAC
ric.2.tr.347_aureus,reverse,P M TR P COS VI P P S P Q R
ric.2.tr.347_denarius,obverse,IMP CAES NER TRAIANO OPTIMO AVG GER DAC
ric.2.tr.347_denarius,reverse,P M TR P COS VI P P S P Q R
ric.2.tr.348_aureus,obverse,IMP CAES NER TRAIANO OPTIMO AVG GER DAC
ric.2.tr.348_aureus,reverse,P M TR P COS VI P P S P Q R
ric.2.tr.348_denarius,obverse,IMP CAES NER TRAIANO OPTIMO AVG GER DAC
ric.2.tr.348_denarius,reverse,P M TR P COS VI P P S P Q R
ric.2.tr.349,obverse,IMP CAES NER TRAIAN OPTIM AVG GER DAC PARTHICO
ric.2.tr.349,reverse,P M TR P COS VI P P S P Q R
ric.2.tr.350,obverse,IMP CAES NER TRAIANO OPTIM AVG GER DAC PARTHICO
ric.2.tr.350,reverse,P M TR P COS VI P P S P Q R
ric.2.tr.351_quinarius_aureus,obverse,IMP CAES NER TRAIANO OPTIMO AVG GER DAC
ric.2.tr.351_quinarius_aureus,reverse,P M TR P COS VI P P S P Q R
ric.2.tr.351_quinarius,obverse,IMP CAES NER TRAIANO OPTIMO AVG GER DAC
ric.2.tr.351_quinarius,reverse,P M TR P COS VI P P S P Q R
ric.2.tr.352,obverse,IMP CAES NER TRAIANO OPTIMO AVG GER DAC
ric.2.tr.352,reverse,P M TR P COS VI P P S P Q R
ric.2.tr.353,obverse,IMP CAES NER TRAIAN OPTIM AVG GER DAC PARTHICO
ric.2.tr.353,reverse,P M TR P COS VI P P S P Q R
ric.2.tr.354,obverse,IMP CAES NER TRAIANO OPTIMO AVG GER DAC
ric.2.tr.354,reverse,P M TR P COS VI P P S P Q R
ric.2.tr.355,obverse,IMP CAES NER TRAIANO OPTIMO AVG GER DAC
ric.2.tr.355,reverse,P M TR P COS VI P P S P Q R
ric.2.tr.356,obverse,IMP CAES NER TRAIANO OPTIMO AVG GER DAC
ric.2.tr.356,reverse,P M TR P COS VI P P S P Q R
ric.2.tr.357,obverse,IMP CAES NER TRAIAN OPTIMO AVG GERM DAC
ric.2.tr.357,reverse,PARTHICO P M TR P COS VI P P S P Q R PRO AVG
ric.2.tr.358_aureus,obverse,IMP CAES NER TRAIAN OPTIMO AVG GER DAC
ric.2.tr.358_aureus,reverse,P M TR P COS VI P P S P Q R PRO AVG
ric.2.tr.358_denarius,obverse,IMP CAES NER TRAIAN OPTIMO AVG GER DAC
ric.2.tr.358_denarius,reverse,P M TR P COS VI P P S P Q R PRO AVG
ric.2.tr.359,obverse,IMP CAES NER TRAIAN OPTIM AVG GER DAC PARTHICO
ric.2.tr.359,reverse,P M TR P COS VI P P S P Q R PRO AVG
ric.2.tr.360,obverse,IMP CAES NER TRAIANO OPTIMO AVG GER DAC
ric.2.tr.360,reverse,P M TR P COS VI P P S P Q R PRO AVG
ric.2.tr.361,obverse,IMP CAES NER TRAIAN OPTIM AVG GERM DAC
ric.2.tr.361,reverse,PARTHICO P M TR P COS VI P P S P Q R PRO VID
ric.2.tr.362,obverse,IMP CAES NER TRAIAN OPTIMO AVG GERM DAC
ric.2.tr.362,reverse,PARTHICO P M TR P COS VI P P S P Q R PROVID
ric.2.tr.363,obverse,IMP CAES NER TRAIAN OPTIMO AVG GERM DAC
ric.2.tr.363,reverse,PARTHICO P M TR P COS VI P P S P Q R PROVID
ric.2.tr.364,obverse,IMP CAES NER TRAIAN OPTIM AVG GER DAC PARTHICO
ric.2.tr.364,reverse,P M TR P COS VI P P S P Q R PROVID
ric.2.tr.365_aureus,obverse,IMP CAES NER TRAIAN OPTIM AVG GER DAC PARTHICO
ric.2.tr.365_aureus,reverse,P M TR P COS VI P P S P Q R PROVID
ric.2.tr.365_denarius,obverse,IMP CAES NER TRAIAN OPTIM AVG GER DAC PARTHICO
ric.2.tr.365_denarius,reverse,P M TR P COS VI P P S P Q R PROVID
ric.2.tr.366,obverse,IMP CAES NER TRAIANO OPTIMO AVG GER DAC
ric.2.tr.366,reverse,REGNA ADSIGNATA
ric.2.tr.367,obverse,IMP CAES NER TRAIAN OPTIM AVG GER DAC PARTHICO
ric.2.tr.367,reverse,REGNA ADSIGNATA
ric.2.tr.368,obverse,IMP CAES NER TRAIANO OPTIMO AVG GER DAC
ric.2.tr.368,reverse,P M TR P COS VI P P S P Q R SALVS AVG
ric.2.tr.369,obverse,IMP CAES NER TRAIAN OPTIM AVG GERM DAC
ric.2.tr.369,reverse,PARTHICO P M TR P COS VI P P S P Q R SALVS AVG
ric.2.tr.370,obverse,IMP CAES NER TRAIAN OPTIM AVG GERM DAC
ric.2.tr.370,reverse,PARTHICO P M TR P COS VI P P S P Q R SALVS AVG
ric.2.tr.371,obverse,IMP CAES NER TRAIAN OPTIM AVG GER DAC PARTHICO
ric.2.tr.371,reverse,P M TR P COS VI P P S P Q R VOTA SVSCEPTA
ric.2.tr.372_aureus,obverse,IMP CAES NER TRAIAN OPTIM AVG GER DAC PARTHICO
ric.2.tr.372_aureus,reverse,P M TR P COS VI P P S P Q R VOTA SVSCEPTA
ric.2.tr.372_denarius,obverse,IMP CAES NER TRAIAN OPTIM AVG GER DAC PARTHICO
ric.2.tr.372_denarius,reverse,P M TR P COS VI P P S P Q R VOTA SVSCEPTA
ric.2.tr.373,obverse,IMP CAES NER TRAIAN OPTIM AVG GER DAC PARTHICO
ric.2.tr.373,reverse,P M TR P COS VI P P S P Q R VOTA SVSCEPTA
ric.2.tr.374,obverse,IMP CAES NER TRAIANO OPTIMO AVG GER DAC
ric.2.tr.374,reverse,P M TR P COS VI P P S P Q R VOTA SVSCEPTA
ric.2.tr.375,obverse,IMP TRAI GER DAC M P
ric.2.tr.375,reverse,P M TR P VI AVG IMP
ric.2.tr.376,obverse,IMP TRAIANO AVG GER DAC P M TR
ric.2.tr.376,reverse,P M TR P COS DES II
ric.2.tr.377,obverse,IMP TRAIANO AVG GER DAC P M TR P
ric.2.tr.377,reverse,S P Q R OPTIMO PRINCIPI
ric.2.tr.378,obverse,IMP TRAIANO AVG GER DAC P M TR P COS VI P P
ric.2.tr.378,reverse,COS V P P S P Q R OPTIMO PRINCIPI
ric.2.tr.379,obverse,FORVM TRAIAN
ric.2.tr.379,reverse,S P Q R OPTIMO PRINCIPI
ric.2.tr.380,obverse,IMP CAES NERVA TRAIAN AVG GERM P M TR P
ric.2.tr.380,reverse,COS II P P CONG P R S C
ric.2.tr.381,obverse,IMP CAES NERVA TRAIAN AVG GERM P M TR P
ric.2.tr.381,reverse,COS II P P CONG P R S C
ric.2.tr.382,obverse,IMP CAES NERVA TRAIAN AVG GERM P M
ric.2.tr.382,reverse,TR P COS II P P S C
ric.2.tr.383,obverse,IMP CAES NERVA TRAIAN AVG GERM P M
ric.2.tr.383,reverse,TR P COS II P P S C
ric.2.tr.384,obverse,IMP NERVA CAES TRAIAN AVG GERM P M
ric.2.tr.384,reverse,TR P COS II P P S C
ric.2.tr.385,obverse,IMP CAES NERVA TRAIAN AVG GERM P M
ric.2.tr.385,reverse,TR POT COS II S C
ric.2.tr.386,obverse,IMP NERVA CAES TRAIAN AVG GERM P M
ric.2.tr.386,reverse,TR POT COS II S C
ric.2.tr.387,obverse,IMP CAES NERVA TRAIAN AVG GERM P M
ric.2.tr.387,reverse,TR POT COS II S C
ric.2.tr.388,obverse,IMP CAES NERVA TRAIAN AVG GERM P M
ric.2.tr.388,reverse,TR POT COS II S C
ric.2.tr.389,obverse,IMP CAES NERVA TRAIAN AVG GERM
ric.2.tr.389,reverse,TR POT COS II S C
ric.2.tr.390,obverse,IMP CAES NERVA TRAIAN AVG GERM P M
ric.2.tr.390,reverse,TR POT COS II S C
ric.2.tr.391,obverse,IMP NERVA CAES TRAIAN AVG GERM P M
ric.2.tr.391,reverse,TR POT COS II S C
ric.2.tr.392,obverse,IMP CAES NERVA TRAIAN AVG GERM P M
ric.2.tr.392,reverse,TR POT COS II S C
ric.2.tr.393,obverse,IMP NERVA CAES TRAIAN AVG GERM P M
ric.2.tr.393,reverse,TR POT COS II S C
ric.2.tr.394,obverse,IMP CAES NERVA TRAIAN AVG GERM P M
ric.2.tr.394,reverse,TR POTCOS II
ric.2.tr.395,obverse,IMP CAES NERVA TRAIAN AVG GERM P M
ric.2.tr.395,reverse,TR POT COS II S C
ric.2.tr.396,obverse,IMP CAES NERVA TRAIAN AVG GERM P M
ric.2.tr.396,reverse,TR POT COS II P P S C
ric.2.tr.397,obverse,IMP CAES NERVA TRAIAN AVG GERM P M
ric.2.tr.397,reverse,TR POT COS II P P
ric.2.tr.398,obverse,IMP CAES NERVA TRAIAN AVG GERM P M
ric.2.tr.398,reverse,TR POT COS II P P S C
ric.2.tr.399,obverse,IMP CAES NERVA TRAIAN AVG GERM P M
ric.2.tr.399,reverse,TR POT COS II P P S C
ric.2.tr.400,obverse,IMP NERVA CAES TRAIAN AVG GERM P M
ric.2.tr.400,reverse,TR POT COS II P P S C
ric.2.tr.401,obverse,IMP CAES NERVA TRAIAN AVG GERM P M
ric.2.tr.401,reverse,TR POT COS II P P S C
ric.2.tr.402,obverse,IMP CAES NERVA TRAIAN AVG GERM P M
ric.2.tr.402,reverse,TR POT COS II P P S C
ric.2.hdn.1015,reverse,METAL DELM
ric.2.tr.403,obverse,IMP CAES NERVA TRAIAN AVG GERM P M
ric.2.tr.403,reverse,TR POT COS II P P S C
ric.2.tr.404,obverse,IMP CAES NERVA TRAIAN AVG GERM P M
ric.2.tr.404,reverse,TR POT COS II P P S C
ric.2.tr.405,obverse,IMP NERVA CAES TRAIAN AVG GERM P M
ric.2.tr.405,reverse,S C
ric.2.tr.406,obverse,IMP CAES NERVA TRAIAN AVG GERM P M TR P
ric.2.tr.406,reverse,COS II DES III P P S C
ric.2.tr.407,obverse,IMP CAES NERVA TRAIAN AVG GERM P M TR P
ric.2.tr.407,reverse,COS II DES III P P S C
ric.2.tr.408,obverse,IMP CAES NERVA TRAIAN AVG GERM P M TR P
ric.2.tr.408,reverse,COS II DES III P P S C
ric.2.tr.409,obverse,IMP NERVA CAES TRAIAN AVG GERM P M
ric.2.tr.409,reverse,COS III P P CLEMENTIA AVG S C
ric.2.tr.410,obverse,IMP CAES NERVA TRAIAN AVG GERM P M
ric.2.tr.410,reverse,TR POT COS III P P S C
ric.2.tr.411,obverse,IMP CAES NERVA TRAIAN AVG GERM P M
ric.2.tr.411,reverse,TR POT COS III P P S C
ric.2.tr.412,obverse,IMP CAES NERVA TRAIAN AVG GERM P M
ric.2.tr.412,reverse,TR POT COS III P P S C
ric.2.tr.413,obverse,IMP CAES NERVA TRAIAN AVG GERM P M
ric.2.tr.413,reverse,TR POT COS III P P S C
ric.2.tr.414,obverse,IMP NERVA CAES TRAIAN AVG GERM P M
ric.2.tr.414,reverse,TR POT COS III P P S C
ric.2.tr.415,obverse,IMP NERVA CAES TRAIAN AVG GERM P M
ric.2.tr.415,reverse,TR POT COS III P P S C
ric.2.tr.416,obverse,IMP CAES NERVA TRAIAN AVG GERM P M
ric.2.tr.416,reverse,TR POT COS III P P S C
ric.2.tr.417,obverse,IMP CAES NERVA TRAIAN AVG GERM P M
ric.2.tr.417,reverse,TR POT COS III P P S C
ric.2.tr.418,obverse,IMP CAES NERVA TRAIAN AVG GERM P M
ric.2.tr.418,reverse,TR POT COS III P P S C
ric.2.tr.419,obverse,IMP CAES NERVA TRAIAN AVG GERM P M
ric.2.tr.419,reverse,TR POT COS III P P S C
ric.2.tr.420,obverse,IMP CAES NERVA TRAIAN AVG GERM P M
ric.2.tr.420,reverse,TR POT COS III P P S C
ric.2.tr.421,obverse,IMP CAES NERVA TRAIAN AVG GERM P M
ric.2.tr.421,reverse,S P Q R OB CIV SER
ric.2.tr.422,obverse,IMP CAES NERVA TRAIAN AVG GERM P M
ric.2.tr.422,reverse,COS III DES IIII P P S C
ric.2.tr.423,obverse,IMP CAES NERVA TRAIAN AVG GERM P M TR P
ric.2.tr.423,reverse,COS III DES IIII P P S C
ric.2.tr.424_sestertius,obverse,IMP CAES NERVA TRAIAN AVG GERM P M TR P
ric.2.tr.424_sestertius,reverse,COS III DES IIII P P S C
ric.2.tr.424_as,obverse,IMP CAES NERVA TRAIAN AVG GERM P M TR P
ric.2.tr.424_as,reverse,COS III DES IIII P P S C
ric.2.tr.425,obverse,IMP CAES NERVA TRAIAN AVG GERM P M TR P
ric.2.tr.425,reverse,COS III DES IIII P P S C
ric.2.tr.426,obverse,IMP CAES NERVA TRAIAN AVG GERM P M
ric.2.tr.426,reverse,TR POT COS III P P S C
ric.2.tr.427,obverse,IMP CAES NERVA TRAIAN AVG GERM P M
ric.2.tr.427,reverse,TR POT COS III P P S C
ric.2.tr.428,obverse,IMP CAES NERVA TRAIAN AVG GERM P M
ric.2.tr.428,reverse,TR POT COS III P P S C
ric.2.tr.429,obverse,IMP CAES NERVA TRAIAN AVG GERM P M
ric.2.tr.429,reverse,TR POT COS III P P S C
ric.2.tr.430,obverse,IMP CAES NERVA TRAIAN AVG GERM P M
ric.2.tr.430,reverse,TR POT COS III P P S C
ric.2.tr.431,obverse,IMP CAES NERVA TRAIAN AVG GERM P M
ric.2.tr.431,reverse,TR POT COS III P P S C
ric.2.tr.432,obverse,IMP CAES NERVA TRAIAN AVG GERM P M
ric.2.tr.432,reverse,TR POT COS III P P S C
ric.2.tr.433,obverse,IMP CAES NERVA TRAIAN AVG GERM P M
ric.2.tr.433,reverse,TR POT COS III P P S C
ric.2.tr.434,obverse,IMP CAES NERVA TRAIAN AVG GERM P M
ric.2.tr.434,reverse,TR POT COS III P P S C
ric.2.tr.435,obverse,IMP CAES NERVA TRAIAN AVG GERM P M
ric.2.tr.435,reverse,TR POT COS III P P S C
ric.2.tr.436,obverse,IMP CAES NERVA TRAIAN AVG GERM P M
ric.2.tr.436,reverse,TR POT COS III P P S C
ric.2.tr.437,obverse,IMP CAES NERVA TRAIAN AVG GERM P M
ric.2.tr.437,reverse,TR POT COS III P P S C
ric.2.tr.438,obverse,IMP CAES NERVA TRAIAN AVG GERM P M
ric.2.tr.438,reverse,P M TR P COS III P P
ric.2.tr.439,obverse,IMP CAES NERVA TRAIAN AVG GERM P M
ric.2.tr.439,reverse,FIDES EXERCIT S C
ric.2.tr.440,obverse,IMP CAES NERVA TRAIAN AVG GERM P M
ric.2.tr.440,reverse,FORTVNA AVGVSTI S C
ric.2.tr.441,obverse,IMP CAES NERVA TRAIAN AVG GERM P M
ric.2.tr.441,reverse,FORTVNAE AVGVSTI S C
ric.2.tr.442,obverse,IMP CAES NERVA TRAIAN AVG GERM P M
ric.2.tr.442,reverse,S C
ric.2.tr.443,obverse,IMP CAES NERVA TRAIAN AVG GERM P M
ric.2.tr.443,reverse,S C
ric.2.tr.444,obverse,IMP CAES NERVA TRAIAN AVG GER DAC P M TR P VII
ric.2.tr.444,reverse,IMP IIII COS IIII DES V P P S C
ric.2.tr.445,obverse,IMP CAES NERVA TRAIAN AVG GERM P M TR P VI
ric.2.tr.445,reverse,IMP IIII COS IIII DES V P P S C
ric.2.tr.446,obverse,IMP CAES NERVA TRAIAN AVG GERM P M TR P VI
ric.2.tr.446,reverse,IMP IIII COS IIII DES V P P S C
ric.2.tr.447,obverse,IMP CAES NERVA TRAIAN AVG GERM DACICVS P M
ric.2.tr.447,reverse,IMP IIII COS IIII DES V P P S C
ric.2.tr.448,obverse,IMP CAES NERVA TRAIAN AVG GERM DACICVS P M
ric.2.tr.448,reverse,TR P VII IMP IIII COS IIII DES V P P S C
ric.2.tr.449,obverse,IMP CAES NERVA TRAIAN AVG GERM DACICVS P M
ric.2.tr.449,reverse,TR P VII IMP IIII COS IIII DES V P P S C
ric.2.tr.450,obverse,IMP CAES NERVA TRAIAN AVG GERM DACICVS P M
ric.2.tr.450,reverse,COS V CONGIAR SECVND S C
ric.2.tr.451,obverse,IMP CAES NERVA TRAIAN AVG GERM DACICVS P M
ric.2.tr.451,reverse,TR P VII IMP IIII COS V P P S C
ric.2.tr.452,obverse,IMP CAES NERVA TRAIAN AVG GERM DACICVS P M
ric.2.tr.452,reverse,TR P VII IMP IIII COS V P P S C
ric.2.tr.453,obverse,IMP CAES NERVA TRAIAN AVG GERM DACICVS P M
ric.2.tr.453,reverse,TR P VII IMP IIII COS V P P S C
ric.2.tr.454,obverse,IMP CAES NERVA TRAIAN AVG GERM DACICVS P M
ric.2.tr.454,reverse,TR P VII IMP IIII COS V P P S C
ric.2.tr.455,obverse,IMP CAES NERVA TRAIAN AVG GERM DACICVS P M
ric.2.tr.455,reverse,TR P VII IMP IIII COS V P P S C
ric.2.tr.456,obverse,IMP CAES NERVA TRAIAN AVG GERM DACICVS P M
ric.2.tr.456,reverse,TR P VII IMP IIII COS V P P S C
ric.2.tr.457,obverse,IMP CAES NERVA TRAIAN AVG GERM DACICVS P M
ric.2.tr.457,reverse,TR P VII IMP IIII COS V P P S C
ric.2.tr.458,obverse,IMP CAES NERVA TRAIAN AVG GERM DACICVS P M
ric.2.tr.458,reverse,TR P VII IMP IIII COS V P P S C
ric.2.tr.459_sestertius,obverse,IMP CAES NERVAE TRAIANO AVG GER DAC P M TR P COS V P P
ric.2.tr.459_sestertius,reverse,S P Q R OPTIMO PRINCIPI S C ALIM ITAL
ric.2.tr.459_as,obverse,IMP CAES NERVAE TRAIANO AVG GER DAC P M TR P COS V P P
ric.2.tr.459_as,reverse,S P Q R OPTIMO PRINCIPI S C ALIM ITAL
ric.2.tr.460,obverse,IMP CAES NERVAE TRAIANO AVG GER DAC P M TR P COS V P P
ric.2.tr.460,reverse,S P Q R OPTIMO PRINCIPI S C ALIM ITAL
ric.2.tr.461_sestertius,obverse,IMP CAES NERVAE TRAIANO AVG GER DAC P M TR P COS V P P
ric.2.tr.461_sestertius,reverse,S P Q R OPTIMO PRINCIPI S C ALIM ITAL
ric.2.tr.461_as,obverse,IMP CAES NERVAE TRAIANO AVG GER DAC P M TR P COS V P P
ric.2.tr.461_as,reverse,S P Q R OPTIMO PRINCIPI S C ALIM ITAL
ric.2.tr.462,obverse,IMP CAES NERVAE TRAIANO AVG GER DAC P M TR P COS V P P
ric.2.tr.462,reverse,S P Q R OPTIMO PRINCIPI S C ALIM ITAL
ric.2.tr.463_sestertius,obverse,IMP CAES NERVAE TRAIANO AVG GER DAC P M TR P COS V P P
ric.2.tr.463_sestertius,reverse,S P Q R OPTIMO PRINCIPI S C AQVA TRAIANA
ric.2.tr.463_as,obverse,IMP CAES NERVAE TRAIANO AVG GER DAC P M TR P COS V P P
ric.2.tr.463_as,reverse,S P Q R OPTIMO PRINCIPI S C AQVA TRAIANA
ric.2.tr.464,obverse,IMP CAES NERVAE TRAIANO AVG GER DAC P M TR P COS V P P
ric.2.tr.464,reverse,S P Q R OPTIMO PRINCIPI S C AQVA TRAIANA
ric.2.tr.465,obverse,IMP CAES NERVAE TRAIANO AVG GER DAC P M TR P COS V P P
ric.2.tr.465,reverse,S P Q R OPTIMO PRINCIPI S C ARAB ADQ
ric.2.tr.466_sestertius,obverse,IMP CAES NERVAE TRAIANO AVG GER DAC P M TR P COS V P P
ric.2.tr.466_sestertius,reverse,S P Q R OPTIMO PRINCIPI S C ARAB ADQVIS
ric.2.tr.466_as,obverse,IMP CAES NERVAE TRAIANO AVG GER DAC P M TR P COS V P P
ric.2.tr.466_as,reverse,S P Q R OPTIMO PRINCIPI S C ARAB ADQVIS
ric.2.tr.467,obverse,IMP CAES NERVAE TRAIANO AVG GER DAC P M TR P COS V P P
ric.2.tr.467,reverse,S P Q R OPTIMO PRINCIPI S C ARAB ADQVIS
ric.2.tr.468,obverse,IMP CAES NERVAE TRAIANO AVG GER DAC P M TR P COS V P P
ric.2.tr.468,reverse,S P Q R OPTIMO PRINCIPI S C ARAB ADQVISIT
ric.2.tr.469,obverse,IMP CAES NERVAE TRAIANO AVG GER DAC P M TR P COS V P P
ric.2.tr.469,reverse,CONGIARIVM TERTIVM S C
ric.2.tr.470,obverse,IMP CAES NERVAE TRAIANO AVG GER DAC P M TR P COS V P P
ric.2.tr.470,reverse,S P Q R OPTIMO PRINCIPI S C ITALIA REST
ric.2.tr.471,obverse,IMP CAES NERVAE TRAIANO AVG GER DAC P M TR P COS V P P
ric.2.tr.471,reverse,PORTVM TRAIANI S C
ric.2.tr.472,obverse,IMP CAES NERVAE TRAIANO AVG GER DAC P M TR P COS V P P
ric.2.tr.472,reverse,S P Q R OPTIMO PRINCIPI S C REST ITAL
ric.2.tr.473,obverse,IMP CAES NERVAE TRAIANO AVG GER DAC P M TR P COS V P P
ric.2.tr.473,reverse,S P Q R OPTIMO PRINCIPI S C REST ITALIA
ric.2.tr.474,obverse,IMP CAES NERVAE TRAIANO AVG GER DAC P M TR P COS V P P
ric.2.tr.474,reverse,S P Q R OPTIMO PRINCIPI S C ROMA REST
ric.2.tr.475,obverse,IMP CAES NERVAE TRAIANO AVG GER DAC P M TR P COS V P P
ric.2.tr.475,reverse,SENATVS POPVLVSQVE ROMANVS S C
ric.2.tr.476_sestertius,obverse,IMP CAES NERVAE TRAIANO AVG GER DAC P M TR P COS V P P
ric.2.tr.476_sestertius,reverse,S P Q R OPTIMO PRINCIPI
ric.2.tr.476_as,obverse,IMP CAES NERVAE TRAIANO AVG GER DAC P M TR P COS V P P
ric.2.tr.476_as,reverse,S P Q R OPTIMO PRINCIPI
ric.2.tr.476A,obverse,IMP CAES NERVAE TRAIANO AVG GER DAC P M TR P COS V P P
ric.2.tr.476A,reverse,S P Q R OPTIMO PRINCIPI
ric.2.tr.477,obverse,IMP CAES NERVAE TRAIANO AVG GER DAC P M TR P COS V P P
ric.2.tr.477,reverse,S P Q R OPTIMO PRINCIPI
ric.2.tr.478,obverse,IMP CAES NERVAE TRAIANO AVG GER DAC P M TR P COS V P P
ric.2.tr.478,reverse,S P Q R OPTIMO PRINCIPI S C
ric.2.tr.479_sestertius,obverse,IMP CAES NERVAE TRAIANO AVG GER DAC P M TR P COS V P P
ric.2.tr.479_sestertius,reverse,S P Q R OPTIMO PRINCIPI S C
ric.2.tr.479_as,obverse,IMP CAES NERVAE TRAIANO AVG GER DAC P M TR P COS V P P
ric.2.tr.479_as,reverse,S P Q R OPTIMO PRINCIPI S C
ric.2.tr.480,obverse,IMP CAES NERVAE TRAIANO AVG GER DAC P M TR P COS V P P
ric.2.tr.480,reverse,S P Q R OPTIMO PRINCIPI S C
ric.2.tr.481,obverse,IMP CAES NERVAE TRAIANO AVG GER DAC P M TR P COS V P P
ric.2.tr.481,reverse,S P Q R OPTIMO PRINCIPI S C
ric.2.tr.482_sestertius,obverse,IMP CAES NERVAE TRAIANO AVG GER DAC P M TR P COS V P P
ric.2.tr.482_sestertius,reverse,S P Q R OPTIMO PRINCIPI S C
ric.2.tr.482_as,obverse,IMP CAES NERVAE TRAIANO AVG GER DAC P M TR P COS V P P
ric.2.tr.482_as,reverse,S P Q R OPTIMO PRINCIPI S C
ric.2.tr.483_sestertius,obverse,IMP CAES NERVAE TRAIANO AVG GER DAC P M TR P COS V P P
ric.2.tr.483_sestertius,reverse,S P Q R OPTIMO PRINCIPI S C
ric.2.tr.483_as,obverse,IMP CAES NERVAE TRAIANO AVG GER DAC P M TR P COS V P P
ric.2.tr.483_as,reverse,S P Q R OPTIMO PRINCIPI S C
ric.2.tr.484,obverse,IMP CAES NERVAE TRAIANO AVG GER DAC P M TR P COS V P P
ric.2.tr.484,reverse,S P Q R OPTIMO PRINCIPI S C
ric.2.tr.485,obverse,IMP CAES NERVAE TRAIANO AVG GER DAC P M TR P COS V P P
ric.2.tr.485,reverse,S P Q R OPTIMO PRINCIPI S C
ric.2.tr.486_sestertius,obverse,IMP CAES NERVAE TRAIANO AVG GER DAC P M TR P COS V P P
ric.2.tr.486_sestertius,reverse,S P Q R OPTIMO PRINCIPI S C
ric.2.tr.486_as,obverse,IMP CAES NERVAE TRAIANO AVG GER DAC P M TR P COS V P P
ric.2.tr.486_as,reverse,S P Q R OPTIMO PRINCIPI S C
ric.2.tr.487,obverse,IMP CAES NERVAE TRAIANO AVG GER DAC P M TR P COS V P P
ric.2.tr.487,reverse,S P Q R OPTIMO PRINCIPI S C
ric.2.tr.488,obverse,IMP CAES NERVAE TRAIANO AVG GER DAC P M TR P COS V P P
ric.2.tr.488,reverse,S P Q R OPTIMO PRINCIPI S C
ric.2.tr.489_sestertius,obverse,IMP CAES NERVAE TRAIANO AVG GER DAC P M TR P COS V P P
ric.2.tr.489_sestertius,reverse,S P Q R OPTIMO PRINCIPI S C
ric.2.tr.489_as,obverse,IMP CAES NERVAE TRAIANO AVG GER DAC P M TR P COS V P P
ric.2.tr.489_as,reverse,S P Q R OPTIMO PRINCIPI S C
ric.2.tr.490,obverse,IMP CAES NERVAE TRAIANO AVG GER DAC P M TR P COS V P P
ric.2.tr.490,reverse,S P Q R OPTIMO PRINCIPI S C
ric.2.tr.491,obverse,IMP CAES NERVAE TRAIANO AVG GER DAC P M TR P COS V P P
ric.2.tr.491,reverse,S P Q R OPTIMO PRINCIPI S C
ric.2.tr.492_sestertius,obverse,IMP CAES NERVAE TRAIANO AVG GER DAC P M TR P COS V P P
ric.2.tr.492_sestertius,reverse,S P Q R OPTIMO PRINCIPI S C
ric.2.tr.492_as,obverse,IMP CAES NERVAE TRAIANO AVG GER DAC P M TR P COS V P P
ric.2.tr.492_as,reverse,S P Q R OPTIMO PRINCIPI S C
ric.2.tr.493,obverse,IMP CAES NERVAE TRAIANO AVG GER DAC P M TR P COS V P P
ric.2.tr.493,reverse,S P Q R OPTIMO PRINCIPI S C
ric.2.tr.494,obverse,IMP CAES NERVAE TRAIANO AVG GER DAC P M TR P COS V P P
ric.2.tr.494,reverse,S P Q R OPTIMO PRINCIPI S C
ric.2.tr.495,obverse,IMP CAES NERVAE TRAIANO AVG GER DAC P M TR P COS V P P
ric.2.tr.495,reverse,S P Q R OPTIMO PRINCIPI S C
ric.2.tr.496,obverse,IMP CAES NERVAE TRAIANO AVG GER DAC P M TR P COS V P P
ric.2.tr.496,reverse,S P Q R OPTIMO PRINCIPI S C
ric.2.tr.497_sestertius,obverse,IMP CAES NERVAE TRAIANO AVG GER DAC P M TR P COS V P P
ric.2.tr.497_sestertius,reverse,S P Q R OPTIMO PRINCIPI S C
ric.2.tr.497_as,obverse,IMP CAES NERVAE TRAIANO AVG GER DAC P M TR P COS V P P
ric.2.tr.497_as,reverse,S P Q R OPTIMO PRINCIPI S C
ric.2.tr.498,obverse,IMP CAES NERVAE TRAIANO AVG GER DAC P M TR P COS V P P
ric.2.tr.498,reverse,S P Q R OPTIMO PRINCIPI S C
ric.2.tr.499,obverse,IMP CAES NERVAE TRAIANO AVG GER DAC P M TR P COS V P P
ric.2.tr.499,reverse,S P Q R OPTIMO PRINCIPI S C
ric.2.tr.500_sestertius,obverse,IMP CAES NERVAE TRAIANO AVG GER DAC P M TR P COS V P P
ric.2.tr.500_sestertius,reverse,S P Q R OPTIMO PRINCIPI S C
ric.2.tr.500_as,obverse,IMP CAES NERVAE TRAIANO AVG GER DAC P M TR P COS V P P
ric.2.tr.500_as,reverse,S P Q R OPTIMO PRINCIPI S C
ric.2.tr.501,obverse,IMP CAES NERVAE TRAIANO AVG GER DAC P M TR P COS V P P
ric.2.tr.501,reverse,S P Q R OPTIMO PRINCIPI S C
ric.2.tr.502,obverse,IMP CAES NERVAE TRAIANO AVG GER DAC P M TR P COS V P P
ric.2.tr.502,reverse,S P Q R OPTIMO PRINCIPI S C
ric.2.tr.503_sestertius,obverse,IMP CAES NERVAE TRAIANO AVG GER DAC P M TR P COS V P P
ric.2.tr.503_sestertius,reverse,S P Q R OPTIMO PRINCIPI S C
ric.2.tr.503_as,obverse,IMP CAES NERVAE TRAIANO AVG GER DAC P M TR P COS V P P
ric.2.tr.503_as,reverse,S P Q R OPTIMO PRINCIPI S C
ric.2.tr.504,obverse,IMP CAES NERVAE TRAIANO AVG GER DAC P M TR P COS V P P
ric.2.tr.504,reverse,S P Q R OPTIMO PRINCIPI S C
ric.2.tr.505,obverse,IMP CAES NERVAE TRAIANO AVG GER DAC P M TR P COS V P P
ric.2.tr.505,reverse,S P Q R OPTIMO PRINCIPI S C
ric.2.tr.506_sestertius,obverse,IMP CAES NERVAE TRAIANO AVG GER DAC P M TR P COS V P P
ric.2.tr.506_sestertius,reverse,S P Q R OPTIMO PRINCIPI S C
ric.2.tr.506_as,obverse,IMP CAES NERVAE TRAIANO AVG GER DAC P M TR P COS V P P
ric.2.tr.506_as,reverse,S P Q R OPTIMO PRINCIPI S C
ric.2.tr.507,obverse,IMP CAES NERVAE TRAIANO AVG GER DAC P M TR P COS V P P
ric.2.tr.507,reverse,S P Q R OPTIMO PRINCIPI S C
ric.2.tr.508,obverse,IMP CAES NERVAE TRAIANO AVG GER DAC P M TR P COS V P P
ric.2.tr.508,reverse,S P Q R OPTIMO PRINCIPI S C
ric.2.tr.509,obverse,IMP CAES NERVAE TRAIANO AVG GER DAC P M TR P COS V P P
ric.2.tr.509,reverse,S P Q R OPTIMO PRINCIPI S C
ric.2.tr.510_sestertius,obverse,IMP CAES NERVAE TRAIANO AVG GER DAC P M TR P COS V P P
ric.2.tr.510_sestertius,reverse,S P Q R OPTIMO PRINCIPI S C
ric.2.tr.510_as,obverse,IMP CAES NERVAE TRAIANO AVG GER DAC P M TR P COS V P P
ric.2.tr.510_as,reverse,S P Q R OPTIMO PRINCIPI S C
ric.2.tr.511,obverse,IMP CAES NERVAE TRAIANO AVG GER DAC P M TR P COS V P P
ric.2.tr.511,reverse,S P Q R OPTIMO PRINCIPI S C
ric.2.tr.512,obverse,IMP CAES NERVAE TRAIANO AVG GER DAC P M TR P COS V P P
ric.2.tr.512,reverse,S P Q R OPTIMO PRINCIPI S C
ric.2.tr.513,obverse,IMP CAES NERVAE TRAIANO AVG GER DAC P M TR P COS V P P
ric.2.tr.513,reverse,S P Q R OPTIMO PRINCIPI S C
ric.2.tr.514,obverse,IMP CAES NERVAE TRAIANO AVG GER DAC P M TR P COS V P P
ric.2.tr.514,reverse,S P Q R OPTIMO PRINCIPI S C
ric.2.tr.515_sestertius,obverse,IMP CAES NERVAE TRAIANO AVG GER DAC P M TR P COS V P P
ric.2.tr.515_sestertius,reverse,S P Q R OPTIMO PRINCIPI S C
ric.2.tr.515_as,obverse,IMP CAES NERVAE TRAIANO AVG GER DAC P M TR P COS V P P
ric.2.tr.515_as,reverse,S P Q R OPTIMO PRINCIPI S C
ric.2.tr.516,obverse,IMP CAES NERVAE TRAIANO AVG GER DAC P M TR P COS V P P
ric.2.tr.516,reverse,S P Q R OPTIMO PRINCIPI S C
ric.2.tr.517,obverse,IMP CAES NERVAE TRAIANO AVG GER DAC P M TR P COS V P P
ric.2.tr.517,reverse,S P Q R OPTIMO PRINCIPI S C
ric.2.tr.518,obverse,IMP CAES NERVAE TRAIANO AVG GER DAC P M TR P COS V P P
ric.2.tr.518,reverse,S P Q R OPTIMO PRINCIPI S C
ric.2.tr.519_sestertius,obverse,IMP CAES NERVAE TRAIANO AVG GER DAC P M TR P COS V P P
ric.2.tr.519_sestertius,reverse,S P Q R OPTIMO PRINCIPI S C
ric.2.tr.519_as,obverse,IMP CAES NERVAE TRAIANO AVG GER DAC P M TR P COS V P P
ric.2.tr.519_as,reverse,S P Q R OPTIMO PRINCIPI S C
ric.2.tr.520,obverse,IMP CAES NERVAE TRAIANO AVG GER DAC P M TR P COS V P P
ric.2.tr.520,reverse,S P Q R OPTIMO PRINCIPI S C
ric.2.tr.521,obverse,IMP CAES NERVAE TRAIANO AVG GER DAC P M TR P COS V P P
ric.2.tr.521,reverse,S P Q R OPTIMO PRINCIPI S C
ric.2.tr.522,obverse,IMP CAES NERVAE TRAIANO AVG GER DAC P M TR P COS V P P
ric.2.tr.522,reverse,S P Q R OPTIMO PRINCIPI S C
ric.2.tr.523,obverse,IMP CAES NERVAE TRAIANO AVG GER DAC P M TR P COS V P P
ric.2.tr.523,reverse,S P Q R OPTIMO PRINCIPI S C
ric.2.tr.524,obverse,IMP CAES NERVAE TRAIANO AVG GER DAC P M TR P COS V P P
ric.2.tr.524,reverse,S P Q R OPTIMO PRINCIPI S C
ric.2.tr.525,obverse,IMP CAES NERVAE TRAIANO AVG GER DAC P M TR P COS V P P
ric.2.tr.525,reverse,S P Q R OPTIMO PRINCIPI S C
ric.2.tr.526,obverse,IMP CAES NERVAE TRAIANO AVG GER DAC P M TR P COS V P P
ric.2.tr.526,reverse,S P Q R OPTIMO PRINCIPI S C
ric.2.tr.527,obverse,IMP CAES NERVAE TRAIANO AVG GER DAC P M TR P COS V P P
ric.2.tr.527,reverse,S P Q R OPTIMO PRINCIPI S C
ric.2.tr.528,obverse,IMP CAES NERVAE TRAIANO AVG GER DAC P M TR P COS V P P
ric.2.tr.528,reverse,S P Q R OPTIMO PRINCIPI S C
ric.2.tr.529,obverse,IMP CAES NERVAE TRAIANO AVG GER DAC P M TR P COS V P P
ric.2.tr.529,reverse,S P Q R OPTIMO PRINCIPI S C
ric.2.tr.530,obverse,IMP CAES NERVAE TRAIANO AVG GER DAC P M TR P COS V P P
ric.2.tr.530,reverse,S P Q R OPTIMO PRINCIPI S C
ric.2.tr.531,obverse,IMP CAES NERVAE TRAIANO AVG GER DAC P M TR P COS V P P
ric.2.tr.531,reverse,S P Q R OPTIMO PRINCIPI S C
ric.2.tr.532,obverse,IMP CAES NERVAE TRAIANO AVG GER DAC P M TR P COS V P P
ric.2.tr.532,reverse,S P Q R OPTIMO PRINCIPI S C
ric.2.tr.533,obverse,IMP CAES NERVAE TRAIANO AVG GER DAC P M TR P COS V P P
ric.2.tr.533,reverse,S P Q R OPTIMO PRINCIPI S C
ric.2.tr.534,obverse,IMP CAES NERVAE TRAIANO AVG GER DAC P M TR P COS V P P
ric.2.tr.534,reverse,S P Q R OPTIMO PRINCIPI S C
ric.2.tr.535,obverse,IMP CAES NERVAE TRAIANO AVG GER DAC P M TR P COS V P P
ric.2.tr.535,reverse,S P Q R OPTIMO PRINCIPI S C
ric.2.tr.536_sestertius,obverse,IMP CAES NERVAE TRAIANO AVG GER DAC P M TR P COS V P P
ric.2.tr.536_sestertius,reverse,S P Q R OPTIMO PRINCIPI S C
ric.2.tr.536_as,obverse,IMP CAES NERVAE TRAIANO AVG GER DAC P M TR P COS V P P
ric.2.tr.536_as,reverse,S P Q R OPTIMO PRINCIPI S C
ric.2.tr.537,obverse,IMP CAES NERVAE TRAIANO AVG GER DAC P M TR P COS V P P
ric.2.tr.537,reverse,S P Q R OPTIMO PRINCIPI S C
ric.2.tr.538,obverse,IMP CAES NERVAE TRAIANO AVG GER DAC P M TR P COS V P P
ric.2.tr.538,reverse,S P Q R OPTIMO PRINCIPI S C
ric.2.tr.539,obverse,IMP CAES NERVAE TRAIANO AVG GER DAC P M TR P COS V P P
ric.2.tr.539,reverse,S P Q R OPTIMO PRINCIPI S C
ric.2.tr.540,obverse,IMP CAES NERVAE TRAIANO AVG GER DAC P M TR P COS V P P
ric.2.tr.540,reverse,S P Q R OPTIMO PRINCIPI S C
ric.2.tr.541,obverse,IMP CAES NERVAE TRAIANO AVG GER DAC P M TR P COS V P P
ric.2.tr.541,reverse,S P Q R OPTIMO PRINCIPI S C
ric.2.tr.542,obverse,IMP CAES NERVAE TRAIANO AVG GER DAC P M TR P COS V P P
ric.2.tr.542,reverse,S P Q R OPTIMO PRINCIPI S C
ric.2.tr.543_sestertius,obverse,IMP CAES NERVAE TRAIANO AVG GER DAC P M TR P COS V P P
ric.2.tr.543_sestertius,reverse,S P Q R OPTIMO PRINCIPI S C
ric.2.tr.543_as,obverse,IMP CAES NERVAE TRAIANO AVG GER DAC P M TR P COS V P P
ric.2.tr.543_as,reverse,S P Q R OPTIMO PRINCIPI S C
ric.2.tr.544,obverse,IMP CAES NERVAE TRAIANO AVG GER DAC P M TR P COS V P P
ric.2.tr.544,reverse,S P Q R OPTIMO PRINCIPI S C
ric.2.tr.545,obverse,IMP CAES NERVAE TRAIANO AVG GER DAC P M TR P COS V P P
ric.2.tr.545,reverse,S P Q R OPTIMO PRINCIPI S C
ric.2.tr.546,obverse,IMP CAES NERVAE TRAIANO AVG GER DAC P M TR P COS V P P
ric.2.tr.546,reverse,S P Q R OPTIMO PRINCIPI S C
ric.2.tr.547,obverse,IMP CAES NERVAE TRAIANO AVG GER DAC P M TR P COS V P P
ric.2.tr.547,reverse,S P Q R OPTIMO PRINCIPI S C
ric.2.tr.548,obverse,IMP CAES NERVAE TRAIANO AVG GER DAC P M TR P COS V P P
ric.2.tr.548,reverse,S P Q R OPTIMO PRINCIPI S C
ric.2.tr.549_sestertius,obverse,IMP CAES NERVAE TRAIANO AVG GER DAC P M TR P COS V P P
ric.2.tr.549_sestertius,reverse,S P Q R OPTIMO PRINCIPI S C
ric.2.tr.549_as,obverse,IMP CAES NERVAE TRAIANO AVG GER DAC P M TR P COS V P P
ric.2.tr.549_as,reverse,S P Q R OPTIMO PRINCIPI S C
ric.2.tr.550,obverse,IMP CAES NERVAE TRAIANO AVG GER DAC P M TR P COS V P P
ric.2.tr.550,reverse,S P Q R OPTIMO PRINCIPI S C
ric.2.tr.551,obverse,IMP CAES NERVAE TRAIANO AVG GER DAC P M TR P COS V P P
ric.2.tr.551,reverse,S P Q R OPTIMO PRINCIPI S C
ric.2.tr.551A,obverse,IMP CAES NERVAE TRAIANO AVG GER DAC P M TR P COS V P P
ric.2.tr.551A,reverse,S P Q R OPTIMO PRINCIPI S C
ric.2.tr.552,obverse,IMP CAES NERVAE TRAIANO AVG GER DAC P M TR P COS V P P
ric.2.tr.552,reverse,S P Q R OPTIMO PRINCIPI S C
ric.2.tr.553,obverse,IMP CAES NERVAE TRAIANO AVG GER DAC P M TR P COS V P P
ric.2.tr.553,reverse,S P Q R OPTIMO PRINCIPI S C
ric.2.tr.554,obverse,IMP CAES NERVAE TRAIANO AVG GER DAC P M TR P COS V P P
ric.2.tr.554,reverse,S P Q R OPTIMO PRINCIPI S C
ric.2.tr.555,obverse,IMP CAES NERVAE TRAIANO AVG GER DAC P M TR P COS V P P
ric.2.tr.555,reverse,S P Q R OPTIMO PRINCIPI S C
ric.2.tr.556,obverse,IMP CAES NERVAE TRAIANO AVG GER DAC P M TR P COS V P P
ric.2.tr.556,reverse,S P Q R OPTIMO PRINCIPI S C
ric.2.tr.557,obverse,IMP CAES NERVAE TRAIANO AVG GER DAC P M TR P COS V P P
ric.2.tr.557,reverse,S P Q R OPTIMO PRINCIPI S C
ric.2.tr.558,obverse,IMP CAES NERVAE TRAIANO AVG GER DAC P M TR P COS V P P
ric.2.tr.558,reverse,S P Q R OPTIMO PRINCIPI S C
ric.2.tr.559,obverse,IMP CAES NERVAE TRAIANO AVG GER DAC P M TR P COS V P P
ric.2.tr.559,reverse,S P Q R OPTIMO PRINCIPI S C
ric.2.tr.560,obverse,IMP CAES NERVAE TRAIANO AVG GER DAC P M TR P COS V P P
ric.2.tr.560,reverse,S P Q R OPTIMO PRINCIPI S C
ric.2.tr.561,obverse,IMP CAES NERVAE TRAIANO AVG GER DAC P M TR P COS V P P
ric.2.tr.561,reverse,S P Q R OPTIMO PRINCIPI S C
ric.2.tr.562,obverse,IMP CAES NERVAE TRAIANO AVG GER DAC P M TR P COS V P P
ric.2.tr.562,reverse,S P Q R OPTIMO PRINCIPI S C
ric.2.tr.563,obverse,IMP CAES NERVAE TRAIANO AVG GER DAC P M TR P COS V P P
ric.2.tr.563,reverse,S P Q R OPTIMO PRINCIPI S C
ric.2.tr.564,obverse,IMP CAES NERVAE TRAIANO AVG GER DAC P M TR P COS V P P
ric.2.tr.564,reverse,S P Q R OPTIMO PRINCIPI S C
ric.2.tr.565,obverse,IMP CAES NERVAE TRAIANO AVG GER DAC P M TR P COS V P P
ric.2.tr.565,reverse,S P Q R OPTIMO PRINCIPI S C
ric.2.tr.566,obverse,IMP CAES NERVAE TRAIANO AVG GER DAC P M TR P COS V P P
ric.2.tr.566,reverse,S P Q R OPTIMO PRINCIPI S C
ric.2.tr.567,obverse,IMP CAES NERVAE TRAIANO AVG GER DAC P M TR P COS V P P
ric.2.tr.567,reverse,S P Q R OPTIMO PRINCIPI S C
ric.2.tr.568,obverse,IMP CAES NERVAE TRAIANO AVG GER DAC P M TR P COS V P P
ric.2.tr.568,reverse,S P Q R OPTIMO PRINCIPI S C
ric.2.tr.569_sestertius,obverse,IMP CAES NERVAE TRAIANO AVG GER DAC P M TR P COS V P P
ric.2.tr.569_sestertius,reverse,S P Q R OPTIMO PRINCIPI S C
ric.2.tr.569_as,obverse,IMP CAES NERVAE TRAIANO AVG GER DAC P M TR P COS V P P
ric.2.tr.569_as,reverse,S P Q R OPTIMO PRINCIPI S C
ric.2.tr.570,obverse,IMP CAES NERVAE TRAIANO AVG GER DAC P M TR P COS V P P
ric.2.tr.570,reverse,S P Q R OPTIMO PRINCIPI S C
ric.2.tr.571,obverse,IMP CAES NERVAE TRAIANO AVG GER DAC P M TR P COS V P P
ric.2.tr.571,reverse,S P Q R OPTIMO PRINCIPI S C
ric.2.tr.572,obverse,IMP CAES NERVAE TRAIANO AVG GER DAC P M TR P COS V P P
ric.2.tr.572,reverse,S P Q R OPTIMO PRINCIPI S C
ric.2.tr.573,obverse,IMP CAES NERVAE TRAIANO AVG GER DAC P M TR P COS V P P
ric.2.tr.573,reverse,S P Q R OPTIMO PRINCIPI S C
ric.2.tr.574,obverse,IMP CAES NERVAE TRAIANO AVG GER DAC P M TR P COS V P P
ric.2.tr.574,reverse,S P Q R OPTIMO PRINCIPI S C
ric.2.tr.575_sestertius,obverse,IMP CAES NERVAE TRAIANO AVG GER DAC P M TR P COS V P P
ric.2.tr.575_sestertius,reverse,S P Q R OPTIMO PRINCIPI S C
ric.2.tr.575_as,obverse,IMP CAES NERVAE TRAIANO AVG GER DAC P M TR P COS V P P
ric.2.tr.575_as,reverse,S P Q R OPTIMO PRINCIPI S C
ric.2.tr.576,obverse,IMP CAES NERVAE TRAIANO AVG GER DAC P M TR P COS V P P
ric.2.tr.576,reverse,S P Q R OPTIMO PRINCIPI S C
ric.2.tr.577_sestertius,obverse,IMP CAES NERVAE TRAIANO AVG GER DAC P M TR P COS V P P
ric.2.tr.577_sestertius,reverse,S P Q R OPTIMO PRINCIPI S C
ric.2.tr.577_as,obverse,IMP CAES NERVAE TRAIANO AVG GER DAC P M TR P COS V P P
ric.2.tr.577_as,reverse,S P Q R OPTIMO PRINCIPI S C
ric.3.ant.1172_dupondius,obverse,DIVA FAVSTINA
ric.3.ant.1172_dupondius,reverse,AVGVSTA S C
ric.3.ant.1172_as,obverse,DIVA FAVSTINA
ric.3.ant.1172_as,reverse,AVGVSTA S C
ric.3.ant.1173a_dupondius,obverse,DIVA FAVSTINA
ric.3.ant.1173a_dupondius,reverse,AVGVSTA S C
ric.3.ant.1173a_as,obverse,DIVA FAVSTINA
ric.3.ant.1173a_as,reverse,AVGVSTA S C
ric.3.ant.1173b_dupondius,obverse,DIVA FAVSTINA
ric.3.ant.1173b_dupondius,reverse,AVGVSTA S C
ric.3.ant.1173b_as,obverse,DIVA FAVSTINA
ric.3.ant.1173b_as,reverse,AVGVSTA S C
ric.3.ant.1173d_dupondius,obverse,DIVA FAVSTINA
ric.3.ant.1173d_dupondius,reverse,AVGVSTA S C
ric.3.ant.1173d_as,obverse,DIVA FAVSTINA
ric.3.ant.1173d_as,reverse,AVGVSTA S C
ric.3.ant.1174_dupondius,obverse,DIVA FAVSTINA
ric.3.ant.1174_dupondius,reverse,AVGVSTA S C
ric.3.ant.1174_as,obverse,DIVA FAVSTINA
ric.3.ant.1174_as,reverse,AVGVSTA S C
ric.3.ant.1175_dupondius,obverse,DIVA FAVSTINA
ric.3.ant.1175_dupondius,reverse,AVGVSTA S C
ric.3.ant.1175_as,obverse,DIVA FAVSTINA
ric.3.ant.1175_as,reverse,AVGVSTA S C
ric.3.ant.1176_dupondius,obverse,DIVA FAVSTINA
ric.3.ant.1176_dupondius,reverse,AVGVSTA S C
ric.3.ant.1176_as,obverse,DIVA FAVSTINA
ric.3.ant.1176_as,reverse,AVGVSTA S C
ric.3.ant.1177_dupondius,obverse,DIVA FAVSTINA
ric.3.ant.1177_dupondius,reverse,AVGVSTA S C
ric.3.ant.1177_as,obverse,DIVA FAVSTINA
ric.3.ant.1177_as,reverse,AVGVSTA S C
ric.3.ant.1177A_dupondius,obverse,DIVA FAVSTINA
ric.3.ant.1177A_dupondius,reverse,AVGVSTA S C
ric.3.ant.1177A_as,obverse,DIVA FAVSTINA
ric.3.ant.1177A_as,reverse,AVGVSTA S C
ric.3.ant.1178_dupondius,obverse,DIVA FAVSTINA
ric.3.ant.1178_dupondius,reverse,AVGVSTA S C
ric.3.ant.1178_as,obverse,DIVA FAVSTINA
ric.3.ant.1178_as,reverse,AVGVSTA S C
ric.3.ant.1179_dupondius,obverse,DIVA FAVSTINA
ric.3.ant.1179_dupondius,reverse,AVGVSTA S C
ric.3.ant.1179_as,obverse,DIVA FAVSTINA
ric.3.ant.1179_as,reverse,AVGVSTA S C
ric.3.ant.1180_dupondius,obverse,DIVA FAVSTINA
ric.3.ant.1180_dupondius,reverse,AVGVSTA S C
ric.3.ant.1180_as,obverse,DIVA FAVSTINA
ric.3.ant.1180_as,reverse,AVGVSTA S C
ric.3.ant.1181_dupondius,obverse,DIVA FAVSTINA
ric.3.ant.1181_dupondius,reverse,AVGVSTA S C
ric.3.ant.1181_as,obverse,DIVA FAVSTINA
ric.3.ant.1181_as,reverse,AVGVSTA S C
ric.3.ant.1182_dupondius,obverse,DIVA FAVSTINA
ric.3.ant.1182_dupondius,reverse,AVGVSTA S C
ric.3.ant.1182_as,obverse,DIVA FAVSTINA
ric.3.ant.1182_as,reverse,AVGVSTA S C
ric.3.ant.1183_dupondius,obverse,DIVA FAVSTINA
ric.3.ant.1183_dupondius,reverse,AVGVSTA S C
ric.3.ant.1183_as,obverse,DIVA FAVSTINA
ric.3.ant.1183_as,reverse,AVGVSTA S C
ric.3.ant.1184_dupondius,obverse,DIVA FAVSTINA
ric.3.ant.1184_dupondius,reverse,AVGVSTA S C
ric.3.ant.1184_as,obverse,DIVA FAVSTINA
ric.3.ant.1184_as,reverse,AVGVSTA S C
ric.3.ant.1185_dupondius,obverse,DIVA FAVSTINA
ric.3.ant.1185_dupondius,reverse,CERES S C
ric.3.ant.1185_as,obverse,DIVA FAVSTINA
ric.3.ant.1185_as,reverse,CERES S C
ric.3.ant.1186_dupondius,obverse,DIVA FAVSTINA
ric.3.ant.1186_dupondius,reverse,CERES S C
ric.3.ant.1186_as,obverse,DIVA FAVSTINA
ric.3.ant.1186_as,reverse,CERES S C
ric.3.ant.1187a_dupondius,obverse,DIVA FAVSTINA
ric.3.ant.1187a_dupondius,reverse,CONSECRATIO S C
ric.3.ant.1187a_as,obverse,DIVA FAVSTINA
ric.3.ant.1187a_as,reverse,CONSECRATIO S C
ric.3.ant.1187b_dupondius,obverse,DIVA FAVSTINA
ric.3.ant.1187b_dupondius,reverse,CONSECRATIO S C
ric.3.ant.1187b_as,obverse,DIVA FAVSTINA
ric.3.ant.1187b_as,reverse,CONSECRATIO S C
ric.3.ant.1188a_dupondius,obverse,DIVA AVGVSTA FAVSTINA
ric.3.ant.1188a_dupondius,reverse,CONSECRATIO S C
ric.3.ant.1188b_dupondius,obverse,DIVA AVGVSTA FAVSTINA
ric.3.ant.1188b_dupondius,reverse,CONSECRATIO S C
ric.3.ant.1188b_as,obverse,DIVA AVGVSTA FAVSTINA
ric.3.ant.1188b_as,reverse,CONSECRATIO S C
ric.3.ant.1189_dupondius,obverse,DIVA AVGVSTA FAVSTINA
ric.3.ant.1189_dupondius,reverse,CONSECRATIO S C
ric.3.ant.1189_as,obverse,DIVA AVGVSTA FAVSTINA
ric.3.ant.1189_as,reverse,CONSECRATIO S C
ric.2.tr.601,obverse,IMP CAES NERVAE TRAIANO AVG GER DAC P M TR P COS VI P P
ric.2.tr.601,reverse,S P Q R OPTIMO PRINCIPI S C
ric.3.ant.1190_dupondius,obverse,DIVA FAVSTINA
ric.3.ant.1190_dupondius,reverse,IVNO S C
ric.3.ant.1190_as,obverse,DIVA FAVSTINA
ric.3.ant.1190_as,reverse,IVNO S C
ric.3.ant.1191Aa_dupondius,obverse,DIVA AVGVSTA FAVSTINA
ric.3.ant.1191Aa_dupondius,reverse,PIET AVG S C
ric.3.ant.1191Aa_as,obverse,DIVA AVGVSTA FAVSTINA
ric.3.ant.1191Aa_as,reverse,PIET AVG S C
ric.3.ant.1191Ab_dupondius,obverse,DIVA AVGVSTA FAVSTINA
ric.3.ant.1191Ab_dupondius,reverse,PIET AVG S C
ric.3.ant.1191Ab_as,obverse,DIVA AVGVSTA FAVSTINA
ric.3.ant.1191Ab_as,reverse,PIET AVG S C
ric.3.ant.1191B_dupondius,obverse,DIVA AVG FAVSTINA
ric.3.ant.1191B_dupondius,reverse,PIET AVG S C
ric.3.ant.1191B_as,obverse,DIVA AVG FAVSTINA
ric.3.ant.1191B_as,reverse,PIET AVG S C
ric.3.ant.1192Aa_dupondius,obverse,DIVA AVGVSTA FAVSTINA
ric.3.ant.1192Aa_dupondius,reverse,PIETAS AVG S C
ric.3.ant.1192Aa_as,obverse,DIVA AVGVSTA FAVSTINA
ric.3.ant.1192Aa_as,reverse,PIETAS AVG S C
ric.2.tr.605,obverse,IMP CAES NERVAE TRAIANO AVG GER DAC P M TR P COS VI P P
ric.2.tr.605,reverse,S P Q R OPTIMO PRINCIPI S C ALIM ITAL
ric.3.ant.1192Ab_dupondius,obverse,DIVA AVGVSTA FAVSTINA
ric.3.ant.1192Ab_dupondius,reverse,PIETAS AVG S C
ric.3.ant.1192Ab_as,obverse,DIVA AVGVSTA FAVSTINA
ric.3.ant.1192Ab_as,reverse,PIETAS AVG S C
ric.3.ant.1192b_dupondius,obverse,DIVA AVG FAVSTINA
ric.3.ant.1192b_dupondius,reverse,PIETAS AVG S C
ric.3.ant.1192b_as,obverse,DIVA AVG FAVSTINA
ric.3.ant.1192b_as,reverse,PIETAS AVG S C
ric.3.ant.1193A_dupondius,obverse,DIVA AVG FAVSTINA
ric.3.ant.1193A_dupondius,reverse,PIETAS AVG S C
ric.3.ant.1193A_as,obverse,DIVA AVG FAVSTINA
ric.3.ant.1193A_as,reverse,PIETAS AVG S C
ric.3.ant.1193B_dupondius,obverse,DIVA AVG FAVSTINA
ric.3.ant.1193B_dupondius,reverse,PIETAS AVG S C
ric.3.ant.1193B_as,obverse,DIVA AVG FAVSTINA
ric.3.ant.1193B_as,reverse,PIETAS AVG S C
ric.3.ant.1194_dupondius,obverse,DIVA AVGVSTA FAVSTINA
ric.3.ant.1194_dupondius,reverse,PIETAS AVG S C
ric.3.ant.1194_as,obverse,DIVA AVGVSTA FAVSTINA
ric.3.ant.1194_as,reverse,PIETAS AVG S C
ric.3.ant.1195_dupondius,obverse,DIVA AVGVSTA FAVSTINA
ric.3.ant.1195_dupondius,reverse,PIETAS AVG S C
ric.3.ant.1195_as,obverse,DIVA AVGVSTA FAVSTINA
ric.3.ant.1195_as,reverse,PIETAS AVG S C
ric.2.tr.608_as,obverse,IMP NERVAE TRAIANO AVG GER DAC P M TR P COS VI P P
ric.2.tr.608_as,reverse,S P Q R OPTIMO PRINCIPI S C AQVA TRAIANA
ric.3.ant.1196_dupondius,obverse,DIVA FAVSTINA
ric.3.ant.1196_dupondius,reverse,S C
ric.3.ant.1196_as,obverse,DIVA FAVSTINA
ric.3.ant.1196_as,reverse,S C
ric.3.ant.1197_dupondius,obverse,DIVA FAVSTINA
ric.3.ant.1197_dupondius,reverse,S C
ric.3.ant.1197_as,obverse,DIVA FAVSTINA
ric.3.ant.1197_as,reverse,S C
ric.3.ant.1198a_dupondius,obverse,DIVA FAVSTINA
ric.3.ant.1198a_dupondius,reverse,S C
ric.3.ant.1198a_as,obverse,DIVA FAVSTINA
ric.3.ant.1198a_as,reverse,S C
ric.3.ant.1198b_dupondius,obverse,DIVA FAVSTINA
ric.3.ant.1198b_dupondius,reverse,S C
ric.3.ant.1198b_as,obverse,DIVA FAVSTINA
ric.3.ant.1198b_as,reverse,S C
ric.3.ant.1199a_dupondius,obverse,DIVA AVGVSTA FAVSTINA
ric.3.ant.1199a_dupondius,reverse,S C
ric.3.ant.1199a_as,obverse,DIVA AVGVSTA FAVSTINA
ric.3.ant.1199a_as,reverse,S C
ric.3.ant.1199b_dupondius,obverse,DIVA AVGVSTA FAVSTINA
ric.3.ant.1199b_dupondius,reverse,S C
ric.3.ant.1199b_as,obverse,DIVA AVGVSTA FAVSTINA
ric.3.ant.1199b_as,reverse,S C
ric.3.ant.1200_dupondius,obverse,DIVA FAVSTINA
ric.3.ant.1200_dupondius,reverse,SALVTI AVGVSTAE S C
ric.3.ant.1200_as,obverse,DIVA FAVSTINA
ric.3.ant.1200_as,reverse,SALVTI AVGVSTAE S C
ric.3.ant.1200A_dupondius,obverse,DIVA FAVSTINA
ric.3.ant.1200A_dupondius,reverse,VESTA S C
ric.3.ant.1200A_as,obverse,DIVA FAVSTINA
ric.3.ant.1200A_as,reverse,VESTA S C
ric.3.ant.1201,obverse,DIVA FAVSTINA
ric.3.ant.1201,reverse,P M TR P VI IMP IIII COS II PAX S C
ric.3.ant.1202,obverse,DIVA FAVSTINA
ric.3.ant.1202,reverse,TR P VI IMP IIII COS II PAX
ric.3.ant.1203,obverse,DIVA AVGVSTA FAVSTINA
ric.3.ant.1203,reverse,TR POT COS II S C
ric.3.ant.1204_dupondius,obverse,DIVA FAVSTINA
ric.3.ant.1204_dupondius,reverse,ITOVIA S C
ric.3.ant.1204_as,obverse,DIVA FAVSTINA
ric.3.ant.1204_as,reverse,ITOVIA S C
ric.3.ant.1205_dupondius,obverse,DIVA FAVSTINA
ric.3.ant.1205_dupondius,reverse,DIVA FAVSTINA
ric.3.ant.1205_as,obverse,DIVA FAVSTINA
ric.3.ant.1205_as,reverse,DIVA FAVSTINA
ric.3.ant.1206A,obverse,ANTONINVS AVG PIVS P P
ric.3.ant.1206A,reverse,AVRELIVS CAES AVG PII F COS DES S C
ric.3.ant.1206B,obverse,ANTONINVS AVG PIVS P P
ric.3.ant.1206B,reverse,AVRELIVS CAES AVG PII F COS DES S C
ric.2.tr.621,obverse,IMP CAES NERVAE TRAIANO AVG GER DAC P M TR P COS VI P P
ric.2.tr.621,reverse,DACIA AVGVST PROVINCIA S C
ric.3.ant.1208A,obverse,ANTONINVS AVG PIVS P P
ric.3.ant.1208A,reverse,AVRELIVS CAES AVG PII F COS DES S C
ric.3.ant.1208B,obverse,ANTONINVS AVG PIVS P P
ric.3.ant.1208B,reverse,AVRELIVS CAES AVG PII F COS DES S C
ric.3.ant.1209,obverse,ANTONINVS AVG PIVS P P
ric.3.ant.1209,reverse,AVRELIVS CAES AVG PII F COS DES S C
ric.3.ant.1210,obverse,ANTONINVS AVG PIVS P P
ric.3.ant.1210,reverse,AVRELIVS CAES AVG PII F COS DES S C
ric.3.ant.1211,obverse,ANTONINVS AVG PIVS P P TR P COS III
ric.3.ant.1211,reverse,AVRELIVS CAESAR AVG PII F COS S C
ric.3.ant.1212,obverse,ANTONINVS AVG PIVS P P TR P COS III
ric.3.ant.1212,reverse,AVRELIVS CAESAR AVG PII F COS S C
ric.3.ant.1213,obverse,ANTONINVS AVG PIVS P P TR P COS III
ric.3.ant.1213,reverse,AVRELIVS CAES AVG PII F COS S C
ric.3.ant.1214,obverse,ANTONINVS AVG PIVS P P TR P COS III
ric.3.ant.1214,reverse,AVRELIVS CAESAR AVG PII F COS S C
ric.3.ant.1215,obverse,ANTONINVS AVG PIVS P P TR P COS III
ric.3.ant.1215,reverse,AVRELIVS CAESAR AVG PII F COS S C
ric.3.ant.1216,obverse,ANTONINVS AVG PIVS P P
ric.3.ant.1216,reverse,AVRELIVS CAES AVG PII F COS S C
ric.3.ant.1217,obverse,ANTONINVS AVG PIVS P P
ric.3.ant.1217,reverse,AVRELIVS CAES AVG PII F COS S C
ric.3.ant.1218,obverse,ANTONINVS AVG PIVS P P TR P COS III
ric.3.ant.1218,reverse,AVRELIVS CAESAR AVG PII F COS S C
ric.3.ant.1219,obverse,ANTONINVS AVG PIVS P P TR P COS III
ric.3.ant.1219,reverse,AVRELIVS CAESAR AVG PII F COS S C
ric.3.ant.1219A,obverse,ANTONINVS AVG PIVS P P TR P COS III
ric.3.ant.1219A,reverse,AVRELIVS CAESAR AVG PII F COS S C
ric.2.tr.625_sestertius,obverse,IMP CAES NERVAE TRAIANO AVG GER DAC P M TR P COS VI P P
ric.2.tr.625_sestertius,reverse,FELICITAS AVGVST S C
ric.3.ant.1220A,obverse,ANTONINVS AVG PIVS P P TR P COS III
ric.3.ant.1220A,reverse,AVRELIVS CAESAR AVG PII F COS S C
ric.3.ant.1221A,obverse,ANTONINVS AVG PIVS P P TR P COS III
ric.3.ant.1221A,reverse,AVRELIVS CAESAR AVG PII F COS S C
ric.3.ant.1221B,obverse,ANTONINVS AVG PIVS P P TR P COS III
ric.3.ant.1221B,reverse,AVRELIVS CAESAR AVG PII F COS S C
ric.3.ant.1222,obverse,ANTONINVS AVG PIVS P P TR P COS III
ric.3.ant.1222,reverse,AVRELIVS CAESAR AVG PII F COS S C
ric.3.ant.1223,obverse,ANTONINVS AVG PIVS P P TR P COS III
ric.3.ant.1223,reverse,AVRELIVS CAESAR AVG PII F COS S C
ric.3.ant.1224,obverse,ANTONINVS AVG PIVS P P TR P COS III
ric.3.ant.1224,reverse,AVRELIVS CAESAR AVG PII F COS S C
ric.3.ant.1225,obverse,ANTONINVS AVG PIVS P P I TR P COS III
ric.3.ant.1225,reverse,AVRELIVS CAES AVG PII F COS S C
ric.3.ant.1226,obverse,ANTONINVS AVG PIVS P P
ric.3.ant.1226,reverse,AVRELIVS CAESAR AVG PII F COS S C
ric.3.ant.1227,obverse,ANTONINVS AVG PIVS P P TR P COS III
ric.3.ant.1227,reverse,AVRELIVS CAESAR AVG PII F COS S C
ric.3.ant.1228,obverse,ANTONINVS AVG PIVS P P TR P COS III
ric.3.ant.1228,reverse,AVRELIVS CAESAR AVG PII F COS S C
ric.3.ant.1229,obverse,ANTONINVS AVG PIVS P P TR P COS III
ric.3.ant.1229,reverse,AVRELIVS CAES AVG PII F COS S C
ric.2.tr.628_as,obverse,IMP CAES NERVAE TRAIANO AVG GER DAC P M TR P COS VI P P
ric.2.tr.628_as,reverse,FORTVNAE REDVCI S C
ric.3.ant.1231,obverse,AVRELIVS CAESAR AVG PII F COS
ric.3.ant.1231,reverse,HONOS S C
ric.3.ant.1232A,obverse,AVRELIVS CAESAR AVG PII F COS
ric.3.ant.1232A,reverse,IVVENTAS S C
ric.3.ant.1232B,obverse,AVRELIVS CAESAR AVG PII F COS
ric.3.ant.1232B,reverse,IVVENTAS S C
ric.3.ant.1232C,obverse,AVRELIVS CAESAR AVG PII F COS
ric.3.ant.1232C,reverse,IVVENTAS S C
ric.3.ant.1233A,obverse,AVRELIVS CAESAR AVG PII F COS
ric.3.ant.1233A,reverse,IVVENTAS S C
ric.3.ant.1233B,obverse,AVRELIVS CAESAR AVG PII F COS
ric.3.ant.1233B,reverse,IVVENTAS S C
ric.3.ant.1234A,obverse,AVRELIVS CAESAR AVG PII F COS
ric.3.ant.1234A,reverse,PIETAS AVG S C
ric.3.ant.1234B,obverse,AVRELIVS CAESAR AVG PII F COS
ric.3.ant.1234B,reverse,PIETAS AVG S C
ric.3.ant.1234C,obverse,AVRELIVS CAESAR AVG PII F COS
ric.3.ant.1234C,reverse,PIETAS AVG S C
ric.3.ant.1235,obverse,AVRELIVS CAESAR AVG PII F COS
ric.3.ant.1235,reverse,S C
ric.3.ant.1236_dupondius,obverse,AVRELIVS CAESAR AVG PII F COS
ric.3.ant.1236_dupondius,reverse,HILARITAS S C
ric.3.ant.1236_as,obverse,AVRELIVS CAESAR AVG PII F COS
ric.3.ant.1236_as,reverse,HILARITAS S C
ric.3.ant.1237_dupondius,obverse,AVRELIVS CAESAR AVG PII F COS
ric.3.ant.1237_dupondius,reverse,HONOS S C
ric.3.ant.1237_as,obverse,AVRELIVS CAESAR AVG PII F COS
ric.3.ant.1237_as,reverse,HONOS S C
ric.3.ant.1238_dupondius,obverse,AVRELIVS CAESAR AVG PII F COS
ric.3.ant.1238_dupondius,reverse,IVVENTAS S C
ric.3.ant.1238_as,obverse,AVRELIVS CAESAR AVG PII F COS
ric.3.ant.1238_as,reverse,IVVENTAS S C
ric.3.ant.1239_dupondius,obverse,AVRELIVS CAESAR AVG PII F COS
ric.3.ant.1239_dupondius,reverse,IVVENTAS S C
ric.3.ant.1239_as,obverse,AVRELIVS CAESAR AVG PII F COS
ric.3.ant.1239_as,reverse,IVVENTAS S C
ric.3.ant.1240A_dupondius,obverse,AVRELIVS CAESAR AVG PII F COS
ric.3.ant.1240A_dupondius,reverse,PIETAS AVG S C
ric.3.ant.1240A_as,obverse,AVRELIVS CAESAR AVG PII F COS
ric.3.ant.1240A_as,reverse,PIETAS AVG S C
ric.3.ant.1240B_dupondius,obverse,AVRELIVS CAESAR AVG PII F COS
ric.3.ant.1240B_dupondius,reverse,PIETAS AVG S C
ric.3.ant.1240B_as,obverse,AVRELIVS CAESAR AVG PII F COS
ric.3.ant.1240B_as,reverse,PIETAS AVG S C
ric.3.ant.1240C_dupondius,obverse,AVRELIVS CAESAR AVG PII F COS
ric.3.ant.1240C_dupondius,reverse,PIETAS AVG S C
ric.3.ant.1240C_as,obverse,AVRELIVS CAESAR AVG PII F COS
ric.3.ant.1240C_as,reverse,PIETAS AVG S C
ric.2.tr.642,obverse,IMP CAES NER TRAIANO OPTIMO AVG GER DAC P M TR P COS VI P P
ric.2.tr.642,reverse,ARMENIA ET MESOPOTAMIA IN POTESTATEM P R REDACTAE S C
ric.3.ant.1240D_dupondius,obverse,AVRELIVS CAESAR AVG PII F COS
ric.3.ant.1240D_dupondius,reverse,PIETAS AVG S C
ric.3.ant.1240D_as,obverse,AVRELIVS CAESAR AVG PII F COS
ric.3.ant.1240D_as,reverse,PIETAS AVG S C
ric.3.ant.1241,obverse,AVRELIVS CAESAR AVG PII F COS
ric.3.ant.1241,reverse,DES II S C
ric.3.ant.1242A,obverse,AVRELIVS CAESAR AVG PII F COS II
ric.3.ant.1242A,reverse,HILARITAS S C
ric.3.ant.1242B,obverse,AVRELIVS CAESAR AVG PII F COS II
ric.3.ant.1242B,reverse,HILARITAS S C
ric.3.ant.1243A,obverse,AVRELIVS CAESAR AVG PII F COS II
ric.3.ant.1243A,reverse,S C
ric.3.ant.1243B,obverse,AVRELIVS CAESAR AVG PII F COS II
ric.3.ant.1243B,reverse,S C
ric.3.ant.1244,obverse,AVRELIVS CAESAR AVG PII F COS II
ric.3.ant.1244,reverse,S C
ric.3.ant.1245,obverse,AVRELIVS CAESAR AVG PII F COS II
ric.3.ant.1245,reverse,S C
ric.3.ant.1246,obverse,AVRELIVS CAESAR AVG PII F COS II
ric.3.ant.1246,reverse,S C
ric.2.tr.648,obverse,IMP CAES NER TRAIANO OPTIMO AVG GERM
ric.2.tr.648,reverse,DAC PARTHICO P M TR POT XX COS VI P P
ric.3.ant.1248,obverse,AVRELIVS CAESAR AVG PII F
ric.3.ant.1248,reverse,TR POT COS II S C
ric.3.ant.1249,obverse,AVRELIVS CAESAR AVG PII FIL
ric.3.ant.1249,reverse,TR POT COS II S C
ric.3.ant.1250,obverse,AVRELIVS CAESAR AVG PII F
ric.3.ant.1250,reverse,TR POT COS II S C
ric.3.ant.1251,obverse,AVRELIVS CAESAR AVG PII F
ric.3.ant.1251,reverse,TR POT COS II S C
ric.3.ant.1252,obverse,AVRELIVS CAES AVG PII F
ric.3.ant.1252,reverse,VIRTVS COS II S C
ric.3.ant.1253A,obverse,AVRELIVS CAESAR AVG PII F COS II
ric.3.ant.1253A,reverse,VOTA PVBLICA S C
ric.3.ant.1253B,obverse,AVRELIVS CAESAR AVG PII F COS II
ric.3.ant.1253B,reverse,VOTA PVBLICA S C
ric.3.ant.1254_dupondius,obverse,AVRELIVS CAESAR AVG PII F COS II
ric.3.ant.1254_dupondius,reverse,CONCORDIA S C
ric.3.ant.1254_as,obverse,AVRELIVS CAESAR AVG PII F COS II
ric.3.ant.1254_as,reverse,CONCORDIA S C
ric.3.ant.1255_dupondius,obverse,AVRELIVS CAESAR AVG PII F
ric.3.ant.1255_dupondius,reverse,CONCORDIA COS II S C
ric.3.ant.1255_as,obverse,AVRELIVS CAESAR AVG PII F
ric.3.ant.1255_as,reverse,CONCORDIA COS II S C
ric.3.ant.1256_dupondius,obverse,AVRELIVS CAESAR AVG PII F
ric.3.ant.1256_dupondius,reverse,COS II S C
ric.3.ant.1256_as,obverse,AVRELIVS CAESAR AVG PII F
ric.3.ant.1256_as,reverse,COS II S C
ric.3.ant.1257_dupondius,obverse,AVRELIVS CAESAR AVG PII F
ric.3.ant.1257_dupondius,reverse,COS II S C
ric.3.ant.1257_as,obverse,AVRELIVS CAESAR AVG PII F
ric.3.ant.1257_as,reverse,COS II S C
ric.3.ant.1258_dupondius,obverse,AVRELIVS CAESAR AVG PII F
ric.3.ant.1258_dupondius,reverse,COS II S C
ric.3.ant.1258_as,obverse,AVRELIVS CAESAR AVG PII F
ric.3.ant.1258_as,reverse,COS II S C
ric.3.ant.1259_dupondius,obverse,AVRELIVS CAESAR AVG PII F
ric.3.ant.1259_dupondius,reverse,COS II S C
ric.3.ant.1259_as,obverse,AVRELIVS CAESAR AVG PII F
ric.3.ant.1259_as,reverse,COS II S C
ric.3.ant.1260_dupondius,obverse,AVRELIVS CAESAR AVG PII F COS II
ric.3.ant.1260_dupondius,reverse,HILARITAS S C
ric.3.ant.1260_as,obverse,AVRELIVS CAESAR AVG PII F COS II
ric.3.ant.1260_as,reverse,HILARITAS S C
ric.3.ant.1261_dupondius,obverse,AVRELIVS CAESAR AVG PII F
ric.3.ant.1261_dupondius,reverse,IVVENTVS COS II S C
ric.3.ant.1261_as,obverse,AVRELIVS CAESAR AVG PII F
ric.3.ant.1261_as,reverse,IVVENTVS COS II S C
ric.3.ant.1262_dupondius,obverse,AVRELIVS CAESAR AVG PII F COS II
ric.3.ant.1262_dupondius,reverse,IVVENTVS S C
ric.3.ant.1262_as,obverse,AVRELIVS CAESAR AVG PII F COS II
ric.3.ant.1262_as,reverse,IVVENTVS S C
ric.3.ant.1263_dupondius,obverse,AVRELIVS CAESAR AVG PII F COS II
ric.3.ant.1263_dupondius,reverse,S C
ric.3.ant.1263_as,obverse,AVRELIVS CAESAR AVG PII F COS II
ric.3.ant.1263_as,reverse,S C
ric.2.tr.662,obverse,IMP CAES TRAIANO OPTIMO AVG GER DAC P M TR P COS VI P P
ric.2.tr.662,reverse,PROFECTIO AVG S C
ric.3.ant.1264_dupondius,obverse,AVRELIVS CAESAR AVG PII F COS II
ric.3.ant.1264_dupondius,reverse,S C
ric.3.ant.1264_as,obverse,AVRELIVS CAESAR AVG PII F COS II
ric.3.ant.1264_as,reverse,S C
ric.3.ant.1265_dupondius,obverse,AVRELIVS CAESAR AVG PII F COS II
ric.3.ant.1265_dupondius,reverse,S C
ric.3.ant.1265_as,obverse,AVRELIVS CAESAR AVG PII F COS II
ric.3.ant.1265_as,reverse,S C
ric.3.ant.1266_dupondius,obverse,AVRELIVS CAESAR AVG PII F
ric.3.ant.1266_dupondius,reverse,TR POT COS II S C
ric.3.ant.1266_as,obverse,AVRELIVS CAESAR AVG PII F
ric.3.ant.1266_as,reverse,TR POT COS II S C
ric.3.ant.1267_dupondius,obverse,AVRELIVS CAESAR AVG PII F
ric.3.ant.1267_dupondius,reverse,TR POT COS II S C
ric.3.ant.1267_as,obverse,AVRELIVS CAESAR AVG PII F
ric.3.ant.1267_as,reverse,TR POT COS II S C
ric.3.ant.1268_dupondius,obverse,AVRELIVS CAESAR ANTON AVG PII F
ric.3.ant.1268_dupondius,reverse,VIRTVS COS II S C
ric.3.ant.1268_as,obverse,AVRELIVS CAESAR ANTON AVG PII F
ric.3.ant.1268_as,reverse,VIRTVS COS II S C
ric.2.tr.668,obverse,IMP CAES NER TRAIANO OPTIMO AVG GER DAC PARTHICO P M TR P COS VI P P
ric.2.tr.668,reverse,REX PARTHIS DATVS S C
ric.3.ant.1269_dupondius,obverse,AVRELIVS CAESAR AVG PII F COS II
ric.3.ant.1269_dupondius,reverse,VOTA PVBLICA S C
ric.3.ant.1269_as,obverse,AVRELIVS CAESAR AVG PII F COS II
ric.3.ant.1269_as,reverse,VOTA PVBLICA S C
ric.3.ant.1270,obverse,AVRELIVS CAESAR AVG PII F
ric.3.ant.1270,reverse,TR POT II COS II S C
ric.3.ant.1271A_dupondius,obverse,AVRELIVS CAESAR AVG PII F
ric.3.ant.1271A_dupondius,reverse,TR POT II COS II HONOS S C
ric.3.ant.1271A_as,obverse,AVRELIVS CAESAR AVG PII F
ric.3.ant.1271A_as,reverse,TR POT II COS II HONOS S C
ric.3.ant.1271B_dupondius,obverse,AVRELIVS CAESAR AVG PII F
ric.3.ant.1271B_dupondius,reverse,TR POT II COS II HONOS S C
ric.3.ant.1271B_as,obverse,AVRELIVS CAESAR AVG PII F
ric.3.ant.1271B_as,reverse,TR POT II COS II HONOS S C
ric.3.ant.1272,obverse,AVRELIVS CAESAR ANTONINI AVG PII F
ric.3.ant.1272,reverse,TR POT III COS II S C
ric.3.ant.1273,obverse,AVRELIVS CAESAR AVG PII FIL
ric.3.ant.1273,reverse,TR POT III COS II S C
ric.3.ant.1274A,obverse,AVRELIVS CAESAR AVG PII F
ric.3.ant.1274A,reverse,TR POT III COS II S C
ric.3.ant.1274B,obverse,AVRELIVS CAESAR AVG PII FIL
ric.3.ant.1274B,reverse,TR POT III COS II S C
ric.3.ant.1275,obverse,AVRELIVS CAESAR AVG PII F
ric.3.ant.1275,reverse,TR POT III COS II CLE S C
ric.3.ant.1276,obverse,AVRELIVS CAESAR AVG PII F
ric.3.ant.1276,reverse,TR POT III COS II CLEM S C
ric.3.ant.1277,obverse,AVRELIVS CAESAR ANTONINI AVG PII F
ric.3.ant.1277,reverse,TR POT III COS II CLEM S C
ric.3.ant.1278,obverse,AVRELIVS CAESAR AVG PII F
ric.3.ant.1278,reverse,TR POT III COS II CLEM S C
ric.3.ant.1279,obverse,AVRELIVS CAESAR AVG PII F
ric.3.ant.1279,reverse,TR POT III COS II HONOS S C
ric.3.ant.1280,obverse,AVRELIVS CAESAR AVG PII F
ric.3.ant.1280,reverse,TR POT III COS II PIETAS S C
ric.3.ant.1281A,obverse,AVRELIVS CAESAR AVG PII F
ric.3.ant.1281A,reverse,TR POT III COS II PIETAS S C
